id,product-name,console-name,price-in-pennies,include-string,condition-string,sku,notes,cost-basis-in-pennies,quantity,date-entered,date-purchased,grading-company,grading-cert-id,folder
,Darkness Energy,Pokemon 2022 Energies,14,Ungraded,Normal wear,,From TCGcollector: 2022 Energies; ; Non-holo; ,0,1,2026-08-23,,,,
,Darkness Energy [Mirror Holo],Pokemon 2022 Energies,39,Ungraded,Normal wear,,From TCGcollector: 2022 Energies; ; Mirror Holo; ,0,1,2026-08-23,,,,
,Fighting Energy,Pokemon 2022 Energies,15,Ungraded,Normal wear,,From TCGcollector: 2022 Energies; ; Non-holo; ,0,1,2026-08-23,,,,
,Fire Energy,Pokemon 2022 Energies,13,Ungraded,Normal wear,,From TCGcollector: 2022 Energies; ; Non-holo; ,0,1,2026-08-23,,,,
,Grass Energy,Pokemon 2022 Energies,12,Ungraded,Normal wear,,From TCGcollector: 2022 Energies; ; Non-holo; ,0,1,2026-08-23,,,,
,Lightning Energy,Pokemon 2022 Energies,14,Ungraded,Normal wear,,From TCGcollector: 2022 Energies; ; Non-holo; ,0,1,2026-08-23,,,,
,Metal Energy,Pokemon 2022 Energies,12,Ungraded,Normal wear,,From TCGcollector: 2022 Energies; ; Non-holo; ,0,1,2026-08-23,,,,
,Psychic Energy,Pokemon 2022 Energies,15,Ungraded,Normal wear,,From TCGcollector: 2022 Energies; ; Non-holo; ,0,1,2026-08-23,,,,
,Water Energy,Pokemon 2022 Energies,16,Ungraded,Normal wear,,From TCGcollector: 2022 Energies; ; Non-holo; ,0,1,2026-08-23,,,,
,Air Balloon #181,Pokemon Ascended Heroes,15,Ungraded,Normal wear,,From TCGcollector: Ascended Heroes; 181/217; Normal; Uncommon,0,1,2026-08-23,,,,
,Anthea & Concordia #182,Pokemon Ascended Heroes,12,Ungraded,Normal wear,,From TCGcollector: Ascended Heroes; 182/217; Normal; Uncommon,0,1,2026-08-23,,,,
,Banette #91,Pokemon Ascended Heroes,4,Ungraded,Normal wear,,From TCGcollector: Ascended Heroes; 091/217; Normal; Uncommon,0,1,2026-08-23,,,,
,Bayleef #9,Pokemon Ascended Heroes,22,Ungraded,Normal wear,,From TCGcollector: Ascended Heroes; 009/217; Normal; Uncommon,0,1,2026-08-23,,,,
,Beautifly #13,Pokemon Ascended Heroes,7,Ungraded,Normal wear,,From TCGcollector: Ascended Heroes; 013/217; Normal; Uncommon,0,1,2026-08-23,,,,
,Bisharp #147,Pokemon Ascended Heroes,14,Ungraded,Normal wear,,From TCGcollector: Ascended Heroes; 147/217; Normal; Common,0,1,2026-08-23,,,,
,Boss's Orders #183,Pokemon Ascended Heroes,20,Ungraded,Normal wear,,From TCGcollector: Ascended Heroes; 183/217; Normal; Uncommon,0,1,2026-08-23,,,,
,Buddy-Buddy Poffin #184,Pokemon Ascended Heroes,20,Ungraded,Normal wear,,From TCGcollector: Ascended Heroes; 184/217; Normal; Common,0,1,2026-08-23,,,,
,Budew #16,Pokemon Ascended Heroes,19,Ungraded,Normal wear,,From TCGcollector: Ascended Heroes; 016/217; Normal; Common,0,1,2026-08-23,,,,
,Canari #185,Pokemon Ascended Heroes,22,Ungraded,Normal wear,,From TCGcollector: Ascended Heroes; 185/217; Normal; Uncommon,0,1,2026-08-23,,,,
,Carkol #119,Pokemon Ascended Heroes,10,Ungraded,Normal wear,,From TCGcollector: Ascended Heroes; 119/217; Normal; Common,0,1,2026-08-23,,,,
,Carkol [Dusk Ball] #119,Pokemon Ascended Heroes,19,Ungraded,Normal wear,,From TCGcollector: Ascended Heroes; 119/217; Dusk Ball Reverse Holo; Common,0,1,2026-08-23,,,,
,Cascoon #14,Pokemon Ascended Heroes,13,Ungraded,Normal wear,,From TCGcollector: Ascended Heroes; 014/217; Normal; Common,0,1,2026-08-23,,,,
,Charjabug #65,Pokemon Ascended Heroes,12,Ungraded,Normal wear,,From TCGcollector: Ascended Heroes; 065/217; Normal; Common,0,1,2026-08-23,,,,
,Charmander #20,Pokemon Ascended Heroes,20,Ungraded,Normal wear,,From TCGcollector: Ascended Heroes; 020/217; Normal; Common,0,1,2026-08-23,,,,
,Charmander [Friend Ball] #20,Pokemon Ascended Heroes,33,Ungraded,Normal wear,,From TCGcollector: Ascended Heroes; 020/217; Friend Ball Reverse Holo; Common,0,1,2026-08-23,,,,
,Charmeleon #21,Pokemon Ascended Heroes,17,Ungraded,Normal wear,,From TCGcollector: Ascended Heroes; 021/217; Normal; Uncommon,0,1,2026-08-23,,,,
,Chikorita #8,Pokemon Ascended Heroes,25,Ungraded,Normal wear,,From TCGcollector: Ascended Heroes; 008/217; Normal; Common,0,1,2026-08-23,,,,
,Chikorita [Friend Ball] #8,Pokemon Ascended Heroes,26,Ungraded,Normal wear,,From TCGcollector: Ascended Heroes; 008/217; Friend Ball Reverse Holo; Common,0,1,2026-08-23,,,,
,Clefable #75,Pokemon Ascended Heroes,15,Ungraded,Normal wear,,From TCGcollector: Ascended Heroes; 075/217; Normal; Uncommon,0,1,2026-08-23,,,,
,Clefairy #74,Pokemon Ascended Heroes,23,Ungraded,Normal wear,,From TCGcollector: Ascended Heroes; 074/217; Normal; Common,0,1,2026-08-23,,,,
,Coalossal [Holo] #120,Pokemon Ascended Heroes,14,Ungraded,Normal wear,,From TCGcollector: Ascended Heroes; 120/217; Normal Holo; Rare,0,1,2026-08-23,,,,
,Counter Gain #186,Pokemon Ascended Heroes,13,Ungraded,Normal wear,,From TCGcollector: Ascended Heroes; 186/217; Normal; Common,0,1,2026-08-23,,,,
,Cynthia's Gible #109,Pokemon Ascended Heroes,17,Ungraded,Normal wear,,From TCGcollector: Ascended Heroes; 109/217; Normal; Common,0,1,2026-08-23,,,,
,Delcatty #166,Pokemon Ascended Heroes,6,Ungraded,Normal wear,,From TCGcollector: Ascended Heroes; 166/217; Normal; Uncommon,0,1,2026-08-23,,,,
,Dragonair #151,Pokemon Ascended Heroes,20,Ungraded,Normal wear,,From TCGcollector: Ascended Heroes; 151/217; Normal; Uncommon,0,1,2026-08-23,,,,
,Drakloak #159,Pokemon Ascended Heroes,15,Ungraded,Normal wear,,From TCGcollector: Ascended Heroes; 159/217; Normal; Common,0,1,2026-08-23,,,,
,Drampa #176,Pokemon Ascended Heroes,7,Ungraded,Normal wear,,From TCGcollector: Ascended Heroes; 176/217; Normal; Uncommon,0,1,2026-08-23,,,,
,Dratini #150,Pokemon Ascended Heroes,16,Ungraded,Normal wear,,From TCGcollector: Ascended Heroes; 150/217; Normal; Common,0,1,2026-08-23,,,,
,Dreepy #158,Pokemon Ascended Heroes,10,Ungraded,Normal wear,,From TCGcollector: Ascended Heroes; 158/217; Normal; Common,0,1,2026-08-23,,,,
,Dustox #15,Pokemon Ascended Heroes,10,Ungraded,Normal wear,,From TCGcollector: Ascended Heroes; 015/217; Normal; Uncommon,0,1,2026-08-23,,,,
,Eelektrik #60,Pokemon Ascended Heroes,20,Ungraded,Normal wear,,From TCGcollector: Ascended Heroes; 060/217; Normal; Uncommon,0,1,2026-08-23,,,,
,Entei [Holo] #25,Pokemon Ascended Heroes,22,Ungraded,Normal wear,,From TCGcollector: Ascended Heroes; 025/217; Normal Holo; Rare,0,1,2026-08-23,,,,
,Erika's Bellsprout #4,Pokemon Ascended Heroes,14,Ungraded,Normal wear,,From TCGcollector: Ascended Heroes; 004/217; Normal; Common,0,1,2026-08-23,,,,
,Erika's Gloom #2,Pokemon Ascended Heroes,15,Ungraded,Normal wear,,From TCGcollector: Ascended Heroes; 002/217; Normal; Uncommon,0,1,2026-08-23,,,,
,Erika's Oddish #1,Pokemon Ascended Heroes,16,Ungraded,Normal wear,,From TCGcollector: Ascended Heroes; 001/217; Normal; Common,0,1,2026-08-23,,,,
,Erika's Tangela #7,Pokemon Ascended Heroes,11,Ungraded,Normal wear,,From TCGcollector: Ascended Heroes; 007/217; Normal; Common,0,1,2026-08-23,,,,
,Erika's Tangela [Poke Ball] #7,Pokemon Ascended Heroes,22,Ungraded,Normal wear,,From TCGcollector: Ascended Heroes; 007/217; Poké Ball Reverse Holo; Common,0,1,2026-08-23,,,,
,Erika's Vileplume ex [Holo] #3,Pokemon Ascended Heroes,98,Ungraded,Normal wear,,From TCGcollector: Ascended Heroes; 003/217; Normal Holo; Double Rare,0,1,2026-08-23,,,,
,Erika's Weepinbell #5,Pokemon Ascended Heroes,14,Ungraded,Normal wear,,From TCGcollector: Ascended Heroes; 005/217; Normal; Uncommon,0,1,2026-08-23,,,,
,Ethan's Ho-Oh ex [Holo] #26,Pokemon Ascended Heroes,70,Ungraded,Normal wear,,From TCGcollector: Ascended Heroes; 026/217; Normal Holo; Double Rare,0,1,2026-08-23,,,,
,Ethan's Magcargo [Holo] #24,Pokemon Ascended Heroes,15,Ungraded,Normal wear,,From TCGcollector: Ascended Heroes; 024/217; Normal Holo; Rare,0,1,2026-08-23,,,,
,Ethan's Slugma #23,Pokemon Ascended Heroes,8,Ungraded,Normal wear,,From TCGcollector: Ascended Heroes; 023/217; Normal; Common,0,1,2026-08-23,,,,
,Fighting Gong #187,Pokemon Ascended Heroes,16,Ungraded,Normal wear,,From TCGcollector: Ascended Heroes; 187/217; Normal; Uncommon,0,1,2026-08-23,,,,
,Forest of Vitality #188,Pokemon Ascended Heroes,21,Ungraded,Normal wear,,From TCGcollector: Ascended Heroes; 188/217; Normal; Uncommon,0,1,2026-08-23,,,,
,Frosmoth #53,Pokemon Ascended Heroes,6,Ungraded,Normal wear,,From TCGcollector: Ascended Heroes; 053/217; Normal; Uncommon,0,1,2026-08-23,,,,
,Frosmoth [Reverse Holo] #53,Pokemon Ascended Heroes,26,Ungraded,Normal wear,,From TCGcollector: Ascended Heroes; 053/217; Energy Reverse Holo; Uncommon,0,1,2026-08-23,,,,
,Galarian Linoone #131,Pokemon Ascended Heroes,8,Ungraded,Normal wear,,From TCGcollector: Ascended Heroes; 131/217; Normal; Common,0,1,2026-08-23,,,,
,Galarian Zigzagoon #130,Pokemon Ascended Heroes,14,Ungraded,Normal wear,,From TCGcollector: Ascended Heroes; 130/217; Normal; Common,0,1,2026-08-23,,,,
,Gastly #123,Pokemon Ascended Heroes,18,Ungraded,Normal wear,,From TCGcollector: Ascended Heroes; 123/217; Normal; Common,0,1,2026-08-23,,,,
,Glass Trumpet #189,Pokemon Ascended Heroes,16,Ungraded,Normal wear,,From TCGcollector: Ascended Heroes; 189/217; Normal; Common,0,1,2026-08-23,,,,
,Glastrier #54,Pokemon Ascended Heroes,15,Ungraded,Normal wear,,From TCGcollector: Ascended Heroes; 054/217; Normal; Uncommon,0,1,2026-08-23,,,,
,Golduck #40,Pokemon Ascended Heroes,15,Ungraded,Normal wear,,From TCGcollector: Ascended Heroes; 040/217; Normal; Uncommon,0,1,2026-08-23,,,,
,Groudon [Holo] #108,Pokemon Ascended Heroes,20,Ungraded,Normal wear,,From TCGcollector: Ascended Heroes; 108/217; Normal Holo; Rare,0,1,2026-08-23,,,,
,Grubbin #17,Pokemon Ascended Heroes,8,Ungraded,Normal wear,,From TCGcollector: Ascended Heroes; 017/217; Normal; Common,0,1,2026-08-23,,,,
,Haunter #124,Pokemon Ascended Heroes,19,Ungraded,Normal wear,,From TCGcollector: Ascended Heroes; 124/217; Normal; Uncommon,0,1,2026-08-23,,,,
,Hitmontop #102,Pokemon Ascended Heroes,14,Ungraded,Normal wear,,From TCGcollector: Ascended Heroes; 102/217; Normal; Common,0,1,2026-08-23,,,,
,Hop's Cramorant #177,Pokemon Ascended Heroes,12,Ungraded,Normal wear,,From TCGcollector: Ascended Heroes; 177/217; Normal; Uncommon,0,1,2026-08-23,,,,
,Hop's Trevenant [Holo] #237,Pokemon Ascended Heroes,425,Ungraded,Normal wear,,From TCGcollector: Ascended Heroes; 237/217; Normal Holo; Illustration Rare,0,1,2026-08-23,,,,
,Iono's Kilowattrel [Holo] #72,Pokemon Ascended Heroes,17,Ungraded,Normal wear,,From TCGcollector: Ascended Heroes; 072/217; Normal Holo; Rare,0,1,2026-08-23,,,,
,Iono's Tadbulb #69,Pokemon Ascended Heroes,12,Ungraded,Normal wear,,From TCGcollector: Ascended Heroes; 069/217; Normal; Common,0,1,2026-08-23,,,,
,Iris's Fighting Spirit #190,Pokemon Ascended Heroes,13,Ungraded,Normal wear,,From TCGcollector: Ascended Heroes; 190/217; Normal; Uncommon,0,1,2026-08-23,,,,
,Kingambit [Holo] #148,Pokemon Ascended Heroes,12,Ungraded,Normal wear,,From TCGcollector: Ascended Heroes; 148/217; Normal Holo; Rare,0,1,2026-08-23,,,,
,Kirlia #88,Pokemon Ascended Heroes,14,Ungraded,Normal wear,,From TCGcollector: Ascended Heroes; 088/217; Normal; Common,0,1,2026-08-23,,,,
,Larry's Braviary #174,Pokemon Ascended Heroes,5,Ungraded,Normal wear,,From TCGcollector: Ascended Heroes; 174/217; Normal; Uncommon,0,1,2026-08-23,,,,
,Larry's Dunsparce #163,Pokemon Ascended Heroes,15,Ungraded,Normal wear,,From TCGcollector: Ascended Heroes; 163/217; Normal; Common,0,1,2026-08-23,,,,
,Larry's Komala #175,Pokemon Ascended Heroes,12,Ungraded,Normal wear,,From TCGcollector: Ascended Heroes; 175/217; Normal; Common,0,1,2026-08-23,,,,
,Larry's Rufflet #173,Pokemon Ascended Heroes,9,Ungraded,Normal wear,,From TCGcollector: Ascended Heroes; 173/217; Normal; Common,0,1,2026-08-23,,,,
,Larry's Rufflet [Reverse Holo] #173,Pokemon Ascended Heroes,20,Ungraded,Normal wear,,From TCGcollector: Ascended Heroes; 173/217; Energy Reverse Holo; Common,0,1,2026-08-23,,,,
,Larry's Staravia #169,Pokemon Ascended Heroes,8,Ungraded,Normal wear,,From TCGcollector: Ascended Heroes; 169/217; Normal; Uncommon,0,1,2026-08-23,,,,
,Larry's Starly #168,Pokemon Ascended Heroes,5,Ungraded,Normal wear,,From TCGcollector: Ascended Heroes; 168/217; Normal; Common,0,1,2026-08-23,,,,
,Light Ball [Reverse Holo] #191,Pokemon Ascended Heroes,34,Ungraded,Normal wear,,From TCGcollector: Ascended Heroes; 191/217; Reverse Holo; Uncommon,0,1,2026-08-23,,,,
,Lillie's Clefairy ex [Holo] #76,Pokemon Ascended Heroes,151,Ungraded,Normal wear,,From TCGcollector: Ascended Heroes; 076/217; Normal Holo; Double Rare,0,1,2026-08-23,,,,
,Lillie's Determination #192,Pokemon Ascended Heroes,30,Ungraded,Normal wear,,From TCGcollector: Ascended Heroes; 192/217; Normal; Uncommon,0,1,2026-08-23,,,,
,Marill #83,Pokemon Ascended Heroes,15,Ungraded,Normal wear,,From TCGcollector: Ascended Heroes; 083/217; Normal; Common,0,1,2026-08-23,,,,
,Mawile #144,Pokemon Ascended Heroes,13,Ungraded,Normal wear,,From TCGcollector: Ascended Heroes; 144/217; Normal; Uncommon,0,1,2026-08-23,,,,
,Meditite #103,Pokemon Ascended Heroes,12,Ungraded,Normal wear,,From TCGcollector: Ascended Heroes; 103/217; Normal; Common,0,1,2026-08-23,,,,
,Mega Audino ex [Holo] #172,Pokemon Ascended Heroes,103,Ungraded,Normal wear,,From TCGcollector: Ascended Heroes; 172/217; Normal Holo; Double Rare,0,1,2026-08-23,,,,
,Mega Dragonite ex [Holo] #152,Pokemon Ascended Heroes,466,Ungraded,Normal wear,,From TCGcollector: Ascended Heroes; 152/217; Normal Holo; Double Rare,0,1,2026-08-23,,,,
,Mega Hawlucha ex [Holo] #268,Pokemon Ascended Heroes,599,Ungraded,Normal wear,,From TCGcollector: Ascended Heroes; 268/217; Normal Holo; Mega Attack Rare,0,1,2026-08-23,,,,
,Mega Signal #193,Pokemon Ascended Heroes,22,Ungraded,Normal wear,,From TCGcollector: Ascended Heroes; 193/217; Normal; Common,0,1,2026-08-23,,,,
,Mightyena #129,Pokemon Ascended Heroes,10,Ungraded,Normal wear,,From TCGcollector: Ascended Heroes; 129/217; Normal; Uncommon,0,1,2026-08-23,,,,
,Mightyena [Holo] #243,Pokemon Ascended Heroes,736,Ungraded,Normal wear,,From TCGcollector: Ascended Heroes; 243/217; Normal Holo; Illustration Rare,0,1,2026-08-23,,,,
,Misdreavus #85,Pokemon Ascended Heroes,17,Ungraded,Normal wear,,From TCGcollector: Ascended Heroes; 085/217; Normal; Common,0,1,2026-08-23,,,,
,Mismagius [Holo] #86,Pokemon Ascended Heroes,12,Ungraded,Normal wear,,From TCGcollector: Ascended Heroes; 086/217; Normal Holo; Rare,0,1,2026-08-23,,,,
,Mismagius [Reverse Holo] #86,Pokemon Ascended Heroes,26,Ungraded,Normal wear,,From TCGcollector: Ascended Heroes; 086/217; Energy Reverse Holo; Rare,0,1,2026-08-23,,,,
,N's Darmanitan #33,Pokemon Ascended Heroes,14,Ungraded,Normal wear,,From TCGcollector: Ascended Heroes; 033/217; Normal; Uncommon,0,1,2026-08-23,,,,
,N's Darumaka #32,Pokemon Ascended Heroes,18,Ungraded,Normal wear,,From TCGcollector: Ascended Heroes; 032/217; Normal; Common,0,1,2026-08-23,,,,
,N's Vanillish #50,Pokemon Ascended Heroes,12,Ungraded,Normal wear,,From TCGcollector: Ascended Heroes; 050/217; Normal; Common,0,1,2026-08-23,,,,
,N's Vanillish [Poke Ball] #50,Pokemon Ascended Heroes,23,Ungraded,Normal wear,,From TCGcollector: Ascended Heroes; 050/217; Poké Ball Reverse Holo; Common,0,1,2026-08-23,,,,
,N's Vanillite #49,Pokemon Ascended Heroes,9,Ungraded,Normal wear,,From TCGcollector: Ascended Heroes; 049/217; Normal; Common,0,1,2026-08-23,,,,
,N's Vanilluxe #51,Pokemon Ascended Heroes,8,Ungraded,Normal wear,,From TCGcollector: Ascended Heroes; 051/217; Normal; Uncommon,0,1,2026-08-23,,,,
,Night Stretcher #196,Pokemon Ascended Heroes,23,Ungraded,Normal wear,,From TCGcollector: Ascended Heroes; 196/217; Normal; Common,0,1,2026-08-23,,,,
,Nighttime Mine #197,Pokemon Ascended Heroes,24,Ungraded,Normal wear,,From TCGcollector: Ascended Heroes; 197/217; Normal; Uncommon,0,1,2026-08-23,,,,
,Noivern #157,Pokemon Ascended Heroes,12,Ungraded,Normal wear,,From TCGcollector: Ascended Heroes; 157/217; Normal; Uncommon,0,1,2026-08-23,,,,
,Numel #27,Pokemon Ascended Heroes,17,Ungraded,Normal wear,,From TCGcollector: Ascended Heroes; 027/217; Normal; Common,0,1,2026-08-23,,,,
,Pancham #115,Pokemon Ascended Heroes,14,Ungraded,Normal wear,,From TCGcollector: Ascended Heroes; 115/217; Normal; Common,0,1,2026-08-23,,,,
,Pangoro #140,Pokemon Ascended Heroes,8,Ungraded,Normal wear,,From TCGcollector: Ascended Heroes; 140/217; Normal; Uncommon,0,1,2026-08-23,,,,
,Pawniard #146,Pokemon Ascended Heroes,9,Ungraded,Normal wear,,From TCGcollector: Ascended Heroes; 146/217; Normal; Common,0,1,2026-08-23,,,,
,Pecharunt [Holo] #143,Pokemon Ascended Heroes,17,Ungraded,Normal wear,,From TCGcollector: Ascended Heroes; 143/217; Normal Holo; Rare,0,1,2026-08-23,,,,
,Pecharunt [Poke Ball] #143,Pokemon Ascended Heroes,30,Ungraded,Normal wear,,From TCGcollector: Ascended Heroes; 143/217; Poké Ball Reverse Holo; Rare,0,1,2026-08-23,,,,
,Pignite #30,Pokemon Ascended Heroes,16,Ungraded,Normal wear,,From TCGcollector: Ascended Heroes; 030/217; Normal; Uncommon,0,1,2026-08-23,,,,
,Pikachu #55,Pokemon Ascended Heroes,33,Ungraded,Normal wear,,From TCGcollector: Ascended Heroes; 055/217; Normal; Common,0,1,2026-08-23,,,,
,Poké Pad #198,Pokemon Ascended Heroes,37,Ungraded,Normal wear,,From TCGcollector: Ascended Heroes; 198/217; Normal; Common,0,1,2026-08-23,,,,
,Poochyena #128,Pokemon Ascended Heroes,13,Ungraded,Normal wear,,From TCGcollector: Ascended Heroes; 128/217; Normal; Common,0,1,2026-08-23,,,,
,Premium Power Pro #199,Pokemon Ascended Heroes,21,Ungraded,Normal wear,,From TCGcollector: Ascended Heroes; 199/217; Normal; Uncommon,0,1,2026-08-23,,,,
,Premium Power Pro [Reverse Holo] #199,Pokemon Ascended Heroes,27,Ungraded,Normal wear,,From TCGcollector: Ascended Heroes; 199/217; Reverse Holo; Uncommon,0,1,2026-08-23,,,,
,Prism Energy #216,Pokemon Ascended Heroes,18,Ungraded,Normal wear,,From TCGcollector: Ascended Heroes; 216/217; Normal; Uncommon,0,1,2026-08-23,,,,
,Psyduck #39,Pokemon Ascended Heroes,30,Ungraded,Normal wear,,From TCGcollector: Ascended Heroes; 039/217; Normal; Common,0,1,2026-08-23,,,,
,Raboot #37,Pokemon Ascended Heroes,8,Ungraded,Normal wear,,From TCGcollector: Ascended Heroes; 037/217; Normal; Common,0,1,2026-08-23,,,,
,Ralts #87,Pokemon Ascended Heroes,14,Ungraded,Normal wear,,From TCGcollector: Ascended Heroes; 087/217; Normal; Common,0,1,2026-08-23,,,,
,Riolu #112,Pokemon Ascended Heroes,11,Ungraded,Normal wear,,From TCGcollector: Ascended Heroes; 112/217; Normal; Common,0,1,2026-08-23,,,,
,Rolycoly #118,Pokemon Ascended Heroes,8,Ungraded,Normal wear,,From TCGcollector: Ascended Heroes; 118/217; Normal; Common,0,1,2026-08-23,,,,
,Rotom #92,Pokemon Ascended Heroes,15,Ungraded,Normal wear,,From TCGcollector: Ascended Heroes; 092/217; Normal; Common,0,1,2026-08-23,,,,
,Salandit #34,Pokemon Ascended Heroes,9,Ungraded,Normal wear,,From TCGcollector: Ascended Heroes; 034/217; Normal; Common,0,1,2026-08-23,,,,
,Salazzle [Holo] #224,Pokemon Ascended Heroes,249,Ungraded,Normal wear,,From TCGcollector: Ascended Heroes; 224/217; Normal Holo; Illustration Rare,0,1,2026-08-23,,,,
,Scorbunny #36,Pokemon Ascended Heroes,4,Ungraded,Normal wear,,From TCGcollector: Ascended Heroes; 036/217; Normal; Common,0,1,2026-08-23,,,,
,Scraggy #134,Pokemon Ascended Heroes,18,Ungraded,Normal wear,,From TCGcollector: Ascended Heroes; 134/217; Normal; Common,0,1,2026-08-23,,,,
,Shuppet #90,Pokemon Ascended Heroes,10,Ungraded,Normal wear,,From TCGcollector: Ascended Heroes; 090/217; Normal; Common,0,1,2026-08-23,,,,
,Skitty #165,Pokemon Ascended Heroes,16,Ungraded,Normal wear,,From TCGcollector: Ascended Heroes; 165/217; Normal; Common,0,1,2026-08-23,,,,
,Slurpuff #94,Pokemon Ascended Heroes,18,Ungraded,Normal wear,,From TCGcollector: Ascended Heroes; 094/217; Normal; Uncommon,0,1,2026-08-23,,,,
,Slurpuff [Reverse Holo] #94,Pokemon Ascended Heroes,25,Ungraded,Normal wear,,From TCGcollector: Ascended Heroes; 094/217; Energy Reverse Holo; Uncommon,0,1,2026-08-23,,,,
,Sneasel #44,Pokemon Ascended Heroes,9,Ungraded,Normal wear,,From TCGcollector: Ascended Heroes; 044/217; Normal; Common,0,1,2026-08-23,,,,
,Snom #52,Pokemon Ascended Heroes,12,Ungraded,Normal wear,,From TCGcollector: Ascended Heroes; 052/217; Normal; Common,0,1,2026-08-23,,,,
,Snorunt #46,Pokemon Ascended Heroes,19,Ungraded,Normal wear,,From TCGcollector: Ascended Heroes; 046/217; Normal; Common,0,1,2026-08-23,,,,
,Solrock #106,Pokemon Ascended Heroes,20,Ungraded,Normal wear,,From TCGcollector: Ascended Heroes; 106/217; Normal; Uncommon,0,1,2026-08-23,,,,
,Surfer #200,Pokemon Ascended Heroes,17,Ungraded,Normal wear,,From TCGcollector: Ascended Heroes; 200/217; Normal; Common,0,1,2026-08-23,,,,
,Swirlix #93,Pokemon Ascended Heroes,16,Ungraded,Normal wear,,From TCGcollector: Ascended Heroes; 093/217; Normal; Common,0,1,2026-08-23,,,,
,Tapu Koko [Holo] #67,Pokemon Ascended Heroes,16,Ungraded,Normal wear,,From TCGcollector: Ascended Heroes; 067/217; Normal Holo; Rare,0,1,2026-08-23,,,,
,Team Rocket's Archer #201,Pokemon Ascended Heroes,16,Ungraded,Normal wear,,From TCGcollector: Ascended Heroes; 201/217; Normal; Uncommon,0,1,2026-08-23,,,,
,Team Rocket's Diglett #100,Pokemon Ascended Heroes,7,Ungraded,Normal wear,,From TCGcollector: Ascended Heroes; 100/217; Normal; Common,0,1,2026-08-23,,,,
,Team Rocket's Dugtrio #101,Pokemon Ascended Heroes,4,Ungraded,Normal wear,,From TCGcollector: Ascended Heroes; 101/217; Normal; Uncommon,0,1,2026-08-23,,,,
,Team Rocket's Energy #217,Pokemon Ascended Heroes,23,Ungraded,Normal wear,,From TCGcollector: Ascended Heroes; 217/217; Normal; Uncommon,0,1,2026-08-23,,,,
,Team Rocket's Exeggcute #77,Pokemon Ascended Heroes,8,Ungraded,Normal wear,,From TCGcollector: Ascended Heroes; 077/217; Normal; Common,0,1,2026-08-23,,,,
,Team Rocket's Exeggutor [Holo] #78,Pokemon Ascended Heroes,18,Ungraded,Normal wear,,From TCGcollector: Ascended Heroes; 078/217; Normal Holo; Rare,0,1,2026-08-23,,,,
,Team Rocket's Factory #203,Pokemon Ascended Heroes,21,Ungraded,Normal wear,,From TCGcollector: Ascended Heroes; 203/217; Normal; Uncommon,0,1,2026-08-23,,,,
,Team Rocket's Great Ball #205,Pokemon Ascended Heroes,13,Ungraded,Normal wear,,From TCGcollector: Ascended Heroes; 205/217; Normal; Uncommon,0,1,2026-08-23,,,,
,Team Rocket's Hypnotizer #206,Pokemon Ascended Heroes,18,Ungraded,Normal wear,,From TCGcollector: Ascended Heroes; 206/217; Normal; Uncommon,0,1,2026-08-23,,,,
,Team Rocket's Meowth #161,Pokemon Ascended Heroes,13,Ungraded,Normal wear,,From TCGcollector: Ascended Heroes; 161/217; Normal; Common,0,1,2026-08-23,,,,
,Team Rocket's Mimikyu #97,Pokemon Ascended Heroes,20,Ungraded,Normal wear,,From TCGcollector: Ascended Heroes; 097/217; Normal; Uncommon,0,1,2026-08-23,,,,
,Team Rocket's Murkrow #126,Pokemon Ascended Heroes,18,Ungraded,Normal wear,,From TCGcollector: Ascended Heroes; 126/217; Normal; Common,0,1,2026-08-23,,,,
,Team Rocket's Petrel #207,Pokemon Ascended Heroes,32,Ungraded,Normal wear,,From TCGcollector: Ascended Heroes; 207/217; Normal; Uncommon,0,1,2026-08-23,,,,
,Team Rocket's Petrel [Reverse Holo] #207,Pokemon Ascended Heroes,64,Ungraded,Normal wear,,From TCGcollector: Ascended Heroes; 207/217; Reverse Holo; Uncommon,0,1,2026-08-23,,,,
,Team Rocket's Proton #208,Pokemon Ascended Heroes,17,Ungraded,Normal wear,,From TCGcollector: Ascended Heroes; 208/217; Normal; Uncommon,0,1,2026-08-23,,,,
,Team Rocket's Spidops [Holo] #19,Pokemon Ascended Heroes,15,Ungraded,Normal wear,,From TCGcollector: Ascended Heroes; 019/217; Normal Holo; Rare,0,1,2026-08-23,,,,
,Team Rocket's Tarountula #18,Pokemon Ascended Heroes,16,Ungraded,Normal wear,,From TCGcollector: Ascended Heroes; 018/217; Normal; Common,0,1,2026-08-23,,,,
,Team Rocket's Watchtower #210,Pokemon Ascended Heroes,17,Ungraded,Normal wear,,From TCGcollector: Ascended Heroes; 210/217; Normal; Uncommon,0,1,2026-08-23,,,,
,Tepig #29,Pokemon Ascended Heroes,10,Ungraded,Normal wear,,From TCGcollector: Ascended Heroes; 029/217; Normal; Common,0,1,2026-08-23,,,,
,Tepig [Reverse Holo] #29,Pokemon Ascended Heroes,21,Ungraded,Normal wear,,From TCGcollector: Ascended Heroes; 029/217; Energy Reverse Holo; Common,0,1,2026-08-23,,,,
,Thick Scale #211,Pokemon Ascended Heroes,13,Ungraded,Normal wear,,From TCGcollector: Ascended Heroes; 211/217; Normal; Uncommon,0,1,2026-08-23,,,,
,Togepi [Love Ball] #80,Pokemon Ascended Heroes,49,Ungraded,Normal wear,,From TCGcollector: Ascended Heroes; 080/217; Love Ball Reverse Holo; Common,0,1,2026-08-23,,,,
,Togetic #81,Pokemon Ascended Heroes,14,Ungraded,Normal wear,,From TCGcollector: Ascended Heroes; 081/217; Normal; Common,0,1,2026-08-23,,,,
,Totodile #41,Pokemon Ascended Heroes,18,Ungraded,Normal wear,,From TCGcollector: Ascended Heroes; 041/217; Normal; Common,0,1,2026-08-23,,,,
,Tynamo #59,Pokemon Ascended Heroes,14,Ungraded,Normal wear,,From TCGcollector: Ascended Heroes; 059/217; Normal; Common,0,1,2026-08-23,,,,
,Ultra Ball #213,Pokemon Ascended Heroes,20,Ungraded,Normal wear,,From TCGcollector: Ascended Heroes; 213/217; Normal; Common,0,1,2026-08-23,,,,
,Urbain #214,Pokemon Ascended Heroes,14,Ungraded,Normal wear,,From TCGcollector: Ascended Heroes; 214/217; Normal; Uncommon,0,1,2026-08-23,,,,
,Vikavolt #66,Pokemon Ascended Heroes,7,Ungraded,Normal wear,,From TCGcollector: Ascended Heroes; 066/217; Normal; Uncommon,0,1,2026-08-23,,,,
,Voltorb ex [Holo] #58,Pokemon Ascended Heroes,83,Ungraded,Normal wear,,From TCGcollector: Ascended Heroes; 058/217; Normal Holo; Double Rare,0,1,2026-08-23,,,,
,Waitress #215,Pokemon Ascended Heroes,21,Ungraded,Normal wear,,From TCGcollector: Ascended Heroes; 215/217; Normal; Common,0,1,2026-08-23,,,,
,Weavile #45,Pokemon Ascended Heroes,6,Ungraded,Normal wear,,From TCGcollector: Ascended Heroes; 045/217; Normal; Uncommon,0,1,2026-08-23,,,,
,Wurmple #11,Pokemon Ascended Heroes,11,Ungraded,Normal wear,,From TCGcollector: Ascended Heroes; 011/217; Normal; Common,0,1,2026-08-23,,,,
,Diancie [Reverse Holo] #68,Pokemon Astral Radiance,41,Ungraded,Normal wear,,From TCGcollector: Astral Radiance; 068/189; Reverse Holo; Rare Holo,0,1,2026-08-23,,,,
,Falinks [Holo] #TG07,Pokemon Astral Radiance,419,Ungraded,Normal wear,,From TCGcollector: Astral Radiance; TG07/TG30; Normal Holo; Rare Holo,0,3,2026-08-23,,,,
,Garchomp V [Holo] #117,Pokemon Astral Radiance,130,Ungraded,Normal wear,,From TCGcollector: Astral Radiance; 117/189; Normal Holo; Holo Rare V,0,1,2026-08-23,,,,
,Heatran VMAX [Holo] #26,Pokemon Astral Radiance,172,Ungraded,Normal wear,,From TCGcollector: Astral Radiance; 026/189; Normal Holo; Holo Rare VMAX,0,1,2026-08-23,,,,
,Hisuian Lilligant [Holo] #16,Pokemon Astral Radiance,23,Ungraded,Normal wear,,From TCGcollector: Astral Radiance; 016/189; Normal Holo; Rare Holo,0,1,2026-08-23,,,,
,Hisuian Sneasler V [Holo] #94,Pokemon Astral Radiance,92,Ungraded,Normal wear,,From TCGcollector: Astral Radiance; 094/189; Normal Holo; Holo Rare V,0,1,2026-08-23,,,,
,Hoothoot [Holo] #TG12,Pokemon Astral Radiance,834,Ungraded,Normal wear,,From TCGcollector: Astral Radiance; TG12/TG30; Normal Holo; Rare Holo,0,1,2026-08-23,,,,
,Leafeon #13,Pokemon Astral Radiance,41,Ungraded,Normal wear,,From TCGcollector: Astral Radiance; 013/189; Normal; Rare,0,1,2026-08-23,,,,
,Lucario V [Holo] #78,Pokemon Astral Radiance,170,Ungraded,Normal wear,,From TCGcollector: Astral Radiance; 078/189; Normal Holo; Holo Rare V,0,2,2026-08-23,,,,
,Wyrdeer V [Holo] #180,Pokemon Astral Radiance,218,Ungraded,Normal wear,,From TCGcollector: Astral Radiance; 180/189; Normal Holo; Rare Ultra,0,1,2026-08-23,,,,
,Korrina's Focus [Holo] #160,Pokemon Battle Styles,425,Ungraded,Normal wear,,From TCGcollector: Battle Styles; 160/163; Normal Holo; Rare Ultra,0,1,2026-08-23,,,,
,Shaymin VSTAR [Holo] #173,Pokemon Brilliant Stars,636,Ungraded,Normal wear,,From TCGcollector: Brilliant Stars; 173/172; Normal Holo; Rare Rainbow,0,1,2026-08-23,,,,
,Dugtrio #77,Pokemon Chilling Reign,21,Ungraded,Normal wear,,From TCGcollector: Chilling Reign; 077/198; Normal; Rare,0,1,2026-08-23,,,,
,Alolan Ninetales [Reverse Holo] #145,Pokemon Cosmic Eclipse,699,Ungraded,Normal wear,,From TCGcollector: Cosmic Eclipse; 145/236; Reverse Holo; Rare Holo,0,1,2026-08-23,,,,
,Chinchou [Reverse Holo] #71,Pokemon Cosmic Eclipse,34,Ungraded,Normal wear,,From TCGcollector: Cosmic Eclipse; 71/236; Reverse Holo; Common,0,1,2026-08-23,,,,
,Cosmoem [Reverse Holo] #101,Pokemon Cosmic Eclipse,74,Ungraded,Normal wear,,From TCGcollector: Cosmic Eclipse; 101/236; Reverse Holo; Uncommon,0,1,2026-08-23,,,,
,Cosmog [Reverse Holo] #100,Pokemon Cosmic Eclipse,40,Ungraded,Normal wear,,From TCGcollector: Cosmic Eclipse; 100/236; Reverse Holo; Common,0,2,2026-08-23,,,,
,Decidueye [Holo] #20,Pokemon Cosmic Eclipse,104,Ungraded,Normal wear,,From TCGcollector: Cosmic Eclipse; 20/236; Normal Holo; Rare Holo,0,1,2026-08-23,,,,
,Dusclops [Reverse Holo] #84,Pokemon Cosmic Eclipse,64,Ungraded,Normal wear,,From TCGcollector: Cosmic Eclipse; 84/236; Reverse Holo; Uncommon,0,1,2026-08-23,,,,
,Eevee #166,Pokemon Cosmic Eclipse,70,Ungraded,Normal wear,,From TCGcollector: Cosmic Eclipse; 166/236; Normal; Common,0,1,2026-08-23,,,,
,Flareon #25,Pokemon Cosmic Eclipse,93,Ungraded,Normal wear,,From TCGcollector: Cosmic Eclipse; 25/236; Normal; Uncommon,0,1,2026-08-23,,,,
,Guzma & Hala #193,Pokemon Cosmic Eclipse,735,Ungraded,Normal wear,,From TCGcollector: Cosmic Eclipse; 193/236; Normal; Uncommon,0,1,2026-08-23,,,,
,Igglybuff [Reverse Holo] #168,Pokemon Cosmic Eclipse,941,Ungraded,Normal wear,,From TCGcollector: Cosmic Eclipse; 168/236; Reverse Holo; Uncommon,0,1,2026-08-23,,,,
,Jolteon #70,Pokemon Cosmic Eclipse,98,Ungraded,Normal wear,,From TCGcollector: Cosmic Eclipse; 70/236; Normal; Uncommon,0,1,2026-08-23,,,,
,Kirlia [Reverse Holo] #81,Pokemon Cosmic Eclipse,132,Ungraded,Normal wear,,From TCGcollector: Cosmic Eclipse; 81/236; Reverse Holo; Uncommon,0,1,2026-08-23,,,,
,Kommo-o [Holo] #163,Pokemon Cosmic Eclipse,227,Ungraded,Normal wear,,From TCGcollector: Cosmic Eclipse; 163/236; Normal Holo; Rare Holo,0,1,2026-08-23,,,,
,Kricketot [Reverse Holo] #13,Pokemon Cosmic Eclipse,43,Ungraded,Normal wear,,From TCGcollector: Cosmic Eclipse; 13/236; Reverse Holo; Common,0,1,2026-08-23,,,,
,Magneton [Holo] #69,Pokemon Cosmic Eclipse,111,Ungraded,Normal wear,,From TCGcollector: Cosmic Eclipse; 69/236; Normal Holo; Rare Holo,0,1,2026-08-23,,,,
,Mimikyu [Holo] #245,Pokemon Cosmic Eclipse,7431,Ungraded,Normal wear,,From TCGcollector: Cosmic Eclipse; 245/236; Normal Holo; Rare Secret,0,1,2026-08-23,,,,
,Palpitoad [Reverse Holo] #116,Pokemon Cosmic Eclipse,34,Ungraded,Normal wear,,From TCGcollector: Cosmic Eclipse; 116/236; Reverse Holo; Common,0,1,2026-08-23,,,,
,Passimian [Reverse Holo] #125,Pokemon Cosmic Eclipse,29,Ungraded,Normal wear,,From TCGcollector: Cosmic Eclipse; 125/236; Reverse Holo; Common,0,1,2026-08-23,,,,
,Pikachu [Holo] #241,Pokemon Cosmic Eclipse,21751,Ungraded,Normal wear,,From TCGcollector: Cosmic Eclipse; 241/236; Normal Holo; Rare Secret,0,1,2026-08-23,,,,
,Pikachu #66,Pokemon Cosmic Eclipse,190,Ungraded,Normal wear,,From TCGcollector: Cosmic Eclipse; 66/236; Normal; Common,0,1,2026-08-23,,,,
,Piplup [Holo] #239,Pokemon Cosmic Eclipse,6880,Ungraded,Normal wear,,From TCGcollector: Cosmic Eclipse; 239/236; Normal Holo; Rare Secret,0,1,2026-08-23,,,,
,Roller Skater [Reverse Holo] #203,Pokemon Cosmic Eclipse,49,Ungraded,Normal wear,,From TCGcollector: Cosmic Eclipse; 203/236; Reverse Holo; Uncommon,0,1,2026-08-23,,,,
,Steelix [Reverse Holo] #139,Pokemon Cosmic Eclipse,115,Ungraded,Normal wear,,From TCGcollector: Cosmic Eclipse; 139/236; Reverse Holo; Rare Holo,0,1,2026-08-23,,,,
,Stoutland [Holo] #248,Pokemon Cosmic Eclipse,1131,Ungraded,Normal wear,,From TCGcollector: Cosmic Eclipse; 248/236; Normal Holo; Rare Secret,0,1,2026-08-23,,,,
,Sylveon #155,Pokemon Cosmic Eclipse,559,Ungraded,Normal wear,,From TCGcollector: Cosmic Eclipse; 155/236; Normal; Rare,0,1,2026-08-23,,,,
,Torkoal [Holo] #237,Pokemon Cosmic Eclipse,1490,Ungraded,Normal wear,,From TCGcollector: Cosmic Eclipse; 237/236; Normal Holo; Rare Secret,0,1,2026-08-23,,,,
,Will [Reverse Holo] #208,Pokemon Cosmic Eclipse,56,Ungraded,Normal wear,,From TCGcollector: Cosmic Eclipse; 208/236; Reverse Holo; Uncommon,0,1,2026-08-23,,,,
,Mimikyu [Cosmos Holo] #81,Pokemon Darkness Ablaze,208,Ungraded,Normal wear,,From TCGcollector: Darkness Ablaze; 081/189; Cosmos Holo; Rare,0,1,2026-08-23,,,,
,Dracozolt V [Holo] #58,Pokemon Evolving Skies,125,Ungraded,Normal wear,,From TCGcollector: Evolving Skies; 058/203; Normal Holo; Holo Rare V,0,2,2026-08-23,,,,
,Eldegoss [Holo] #16,Pokemon Evolving Skies,32,Ungraded,Normal wear,,From TCGcollector: Evolving Skies; 016/203; Normal Holo; Rare Holo,0,1,2026-08-23,,,,
,Entei [Holo] #19,Pokemon Evolving Skies,34,Ungraded,Normal wear,,From TCGcollector: Evolving Skies; 019/203; Normal Holo; Rare Holo,0,1,2026-08-23,,,,
,Florges [Holo] #73,Pokemon Evolving Skies,27,Ungraded,Normal wear,,From TCGcollector: Evolving Skies; 073/203; Normal Holo; Rare Holo,0,1,2026-08-23,,,,
,Garbodor V [Holo] #100,Pokemon Evolving Skies,93,Ungraded,Normal wear,,From TCGcollector: Evolving Skies; 100/203; Normal Holo; Holo Rare V,0,1,2026-08-23,,,,
,Glaceon V [Holo] #40,Pokemon Evolving Skies,305,Ungraded,Normal wear,,From TCGcollector: Evolving Skies; 040/203; Normal Holo; Holo Rare V,0,2,2026-08-23,,,,
,Golurk V [Holo] #182,Pokemon Evolving Skies,3951,Ungraded,Normal wear,,From TCGcollector: Evolving Skies; 182/203; Normal Holo; Rare Ultra,0,1,2026-08-23,,,,
,Gyarados V [Holo] #28,Pokemon Evolving Skies,241,Ungraded,Normal wear,,From TCGcollector: Evolving Skies; 028/203; Normal Holo; Holo Rare V,0,2,2026-08-23,,,,
,Jumpluff [Holo] #4,Pokemon Evolving Skies,33,Ungraded,Normal wear,,From TCGcollector: Evolving Skies; 004/203; Normal Holo; Rare Holo,0,1,2026-08-23,,,,
,Medicham V [Holo] #83,Pokemon Evolving Skies,75,Ungraded,Normal wear,,From TCGcollector: Evolving Skies; 083/203; Normal Holo; Holo Rare V,0,1,2026-08-23,,,,
,Noivern V [Holo] #117,Pokemon Evolving Skies,86,Ungraded,Normal wear,,From TCGcollector: Evolving Skies; 117/203; Normal Holo; Holo Rare V,0,2,2026-08-23,,,,
,Salamence [Holo] #109,Pokemon Evolving Skies,76,Ungraded,Normal wear,,From TCGcollector: Evolving Skies; 109/203; Normal Holo; Rare Holo,0,1,2026-08-23,,,,
,Single Strike Scroll of the Fanged Dragon #158,Pokemon Evolving Skies,5,Ungraded,Normal wear,,From TCGcollector: Evolving Skies; 158/203; Normal; Uncommon,0,1,2026-08-23,,,,
,Suicune V [Holo] #31,Pokemon Evolving Skies,141,Ungraded,Normal wear,,From TCGcollector: Evolving Skies; 031/203; Normal Holo; Holo Rare V,0,1,2026-08-23,,,,
,Trevenant V [Holo] #13,Pokemon Evolving Skies,82,Ungraded,Normal wear,,From TCGcollector: Evolving Skies; 013/203; Normal Holo; Holo Rare V,0,1,2026-08-23,,,,
,Zygarde [Holo] #118,Pokemon Evolving Skies,32,Ungraded,Normal wear,,From TCGcollector: Evolving Skies; 118/203; Normal Holo; Rare Holo,0,1,2026-08-23,,,,
,Appletun V [Holo] #26,Pokemon Fusion Strike,101,Ungraded,Normal wear,,From TCGcollector: Fusion Strike; 026/264; Normal Holo; Holo Rare V,0,1,2026-08-23,,,,
,Cinderace V [Holo] #44,Pokemon Fusion Strike,80,Ungraded,Normal wear,,From TCGcollector: Fusion Strike; 044/264; Normal Holo; Holo Rare V,0,1,2026-08-23,,,,
,Eldegoss [Reverse Holo] #25,Pokemon Fusion Strike,13,Ungraded,Normal wear,,From TCGcollector: Fusion Strike; 025/264; Reverse Holo; Uncommon,0,1,2026-08-23,,,,
,Electrode [Reverse Holo] #88,Pokemon Fusion Strike,27,Ungraded,Normal wear,,From TCGcollector: Fusion Strike; 088/264; Reverse Holo; Rare,0,1,2026-08-23,,,,
,Galarian Cursola [Reverse Holo] #118,Pokemon Fusion Strike,39,Ungraded,Normal wear,,From TCGcollector: Fusion Strike; 118/264; Reverse Holo; Rare,0,1,2026-08-23,,,,
,Galarian Darmanitan [Reverse Holo] #72,Pokemon Fusion Strike,29,Ungraded,Normal wear,,From TCGcollector: Fusion Strike; 072/264; Reverse Holo; Uncommon,0,1,2026-08-23,,,,
,Genesect V [Holo] #185,Pokemon Fusion Strike,69,Ungraded,Normal wear,,From TCGcollector: Fusion Strike; 185/264; Normal Holo; Holo Rare V,0,1,2026-08-23,,,,
,Genesect V [Holo] #254,Pokemon Fusion Strike,408,Ungraded,Normal wear,,From TCGcollector: Fusion Strike; 254/264; Normal Holo; Rare Ultra,0,1,2026-08-23,,,,
,Gengar V [Holo] #156,Pokemon Fusion Strike,1121,Ungraded,Normal wear,,From TCGcollector: Fusion Strike; 156/264; Normal Holo; Holo Rare V,0,1,2026-08-23,,,,
,Graveler #136,Pokemon Fusion Strike,3,Ungraded,Normal wear,,From TCGcollector: Fusion Strike; 136/264; Normal; Uncommon,0,1,2026-08-23,,,,
,Mandibuzz [Reverse Holo] #173,Pokemon Fusion Strike,26,Ungraded,Normal wear,,From TCGcollector: Fusion Strike; 173/264; Reverse Holo; Uncommon,0,2,2026-08-23,,,,
,Pangoro [Reverse Holo] #174,Pokemon Fusion Strike,29,Ungraded,Normal wear,,From TCGcollector: Fusion Strike; 174/264; Reverse Holo; Uncommon,0,3,2026-08-23,,,,
,Pikachu V [Holo] #86,Pokemon Fusion Strike,404,Ungraded,Normal wear,,From TCGcollector: Fusion Strike; 086/264; Normal Holo; Holo Rare V,0,2,2026-08-23,,,,
,Rillaboom VMAX [Holo] #23,Pokemon Fusion Strike,188,Ungraded,Normal wear,,From TCGcollector: Fusion Strike; 023/264; Normal Holo; Holo Rare VMAX,0,2,2026-08-23,,,,
,Swadloon [Reverse Holo] #10,Pokemon Fusion Strike,33,Ungraded,Normal wear,,From TCGcollector: Fusion Strike; 010/264; Reverse Holo; Uncommon,0,1,2026-08-23,,,,
,Tsareena V [Holo] #21,Pokemon Fusion Strike,77,Ungraded,Normal wear,,From TCGcollector: Fusion Strike; 021/264; Normal Holo; Holo Rare V,0,1,2026-08-23,,,,
,Vikavolt [Reverse Holo] #101,Pokemon Fusion Strike,23,Ungraded,Normal wear,,From TCGcollector: Fusion Strike; 101/264; Reverse Holo; Rare,0,1,2026-08-23,,,,
,Boss's Orders [Holo] #TG24,Pokemon Lost Origin,978,Ungraded,Normal wear,,From TCGcollector: Lost Origin; TG24/TG30; Normal Holo; Rare Ultra,0,1,2026-08-23,,,,
,Dark Patch [Holo] #216,Pokemon Lost Origin,252,Ungraded,Normal wear,,From TCGcollector: Lost Origin; 216/196; Normal Holo; Rare Secret,0,1,2026-08-23,,,,
,Drapion V [Holo] #182,Pokemon Lost Origin,183,Ungraded,Normal wear,,From TCGcollector: Lost Origin; 182/196; Normal Holo; Rare Ultra,0,1,2026-08-23,,,,
,Gengar [Holo] #66,Pokemon Lost Origin,378,Ungraded,Normal wear,,From TCGcollector: Lost Origin; 066/196; Normal Holo; Rare Holo,0,1,2026-08-23,,,,
,Glastrier [Holo] #51,Pokemon Lost Origin,33,Ungraded,Normal wear,,From TCGcollector: Lost Origin; 051/196; Normal Holo; Rare Holo,0,1,2026-08-23,,,,
,Hisuian Zoroark [Holo] #76,Pokemon Lost Origin,38,Ungraded,Normal wear,,From TCGcollector: Lost Origin; 076/196; Normal Holo; Rare Holo,0,1,2026-08-23,,,,
,Magnezone V [Holo] #175,Pokemon Lost Origin,191,Ungraded,Normal wear,,From TCGcollector: Lost Origin; 175/196; Normal Holo; Rare Ultra,0,1,2026-08-23,,,,
,Pidgeot V [Holo] #137,Pokemon Lost Origin,71,Ungraded,Normal wear,,From TCGcollector: Lost Origin; 137/196; Normal Holo; Holo Rare V,0,1,2026-08-23,,,,
,Pikachu VMAX [Holo] #TG29,Pokemon Lost Origin,2710,Ungraded,Normal wear,,From TCGcollector: Lost Origin; TG29/TG30; Normal Holo; Rare Secret,0,1,2026-08-23,,,,
,Arven [Reverse Holo] #186,Pokemon Obsidian Flames,227,Ungraded,Normal wear,,From TCGcollector: Obsidian Flames; 186/197; Reverse Holo; Uncommon,0,1,2026-08-23,,,,
,Baltoy [Reverse Holo] #94,Pokemon Obsidian Flames,16,Ungraded,Normal wear,,From TCGcollector: Obsidian Flames; 094/197; Reverse Holo; Common,0,1,2026-08-23,,,,
,Basic Fire Energy [Holo] #230,Pokemon Obsidian Flames,376,Ungraded,Normal wear,,From TCGcollector: Obsidian Flames; 230/197; Normal Holo; Hyper Rare,0,1,2026-08-23,,,,
,Bonsly [Reverse Holo] #110,Pokemon Obsidian Flames,31,Ungraded,Normal wear,,From TCGcollector: Obsidian Flames; 110/197; Reverse Holo; Common,0,2,2026-08-23,,,,
,Bronzor [Reverse Holo] #144,Pokemon Obsidian Flames,31,Ungraded,Normal wear,,From TCGcollector: Obsidian Flames; 144/197; Reverse Holo; Common,0,4,2026-08-23,,,,
,Bunnelby [Reverse Holo] #175,Pokemon Obsidian Flames,21,Ungraded,Normal wear,,From TCGcollector: Obsidian Flames; 175/197; Reverse Holo; Common,0,3,2026-08-23,,,,
,Clefairy [Reverse Holo] #81,Pokemon Obsidian Flames,46,Ungraded,Normal wear,,From TCGcollector: Obsidian Flames; 081/197; Reverse Holo; Common,0,1,2026-08-23,,,,
,Cleffa [Reverse Holo] #80,Pokemon Obsidian Flames,42,Ungraded,Normal wear,,From TCGcollector: Obsidian Flames; 080/197; Reverse Holo; Common,0,1,2026-08-23,,,,
,Crabrawler [Reverse Holo] #114,Pokemon Obsidian Flames,18,Ungraded,Normal wear,,From TCGcollector: Obsidian Flames; 114/197; Reverse Holo; Common,0,3,2026-08-23,,,,
,Cubchoo [Reverse Holo] #53,Pokemon Obsidian Flames,19,Ungraded,Normal wear,,From TCGcollector: Obsidian Flames; 053/197; Reverse Holo; Common,0,4,2026-08-23,,,,
,Drampa [Reverse Holo] #161,Pokemon Obsidian Flames,31,Ungraded,Normal wear,,From TCGcollector: Obsidian Flames; 161/197; Reverse Holo; Uncommon,0,5,2026-08-23,,,,
,Drilbur [Reverse Holo] #111,Pokemon Obsidian Flames,17,Ungraded,Normal wear,,From TCGcollector: Obsidian Flames; 111/197; Reverse Holo; Common,0,1,2026-08-23,,,,
,Finizen [Reverse Holo] #61,Pokemon Obsidian Flames,29,Ungraded,Normal wear,,From TCGcollector: Obsidian Flames; 061/197; Reverse Holo; Common,0,2,2026-08-23,,,,
,Frogadier [Reverse Holo] #57,Pokemon Obsidian Flames,27,Ungraded,Normal wear,,From TCGcollector: Obsidian Flames; 057/197; Reverse Holo; Uncommon,0,1,2026-08-23,,,,
,Greavard [Reverse Holo] #99,Pokemon Obsidian Flames,27,Ungraded,Normal wear,,From TCGcollector: Obsidian Flames; 099/197; Reverse Holo; Common,0,1,2026-08-23,,,,
,Grumpig [Reverse Holo] #91,Pokemon Obsidian Flames,21,Ungraded,Normal wear,,From TCGcollector: Obsidian Flames; 091/197; Reverse Holo; Uncommon,0,4,2026-08-23,,,,
,Gumshoos [Reverse Holo] #177,Pokemon Obsidian Flames,23,Ungraded,Normal wear,,From TCGcollector: Obsidian Flames; 177/197; Reverse Holo; Uncommon,0,2,2026-08-23,,,,
,Inkay [Reverse Holo] #137,Pokemon Obsidian Flames,19,Ungraded,Normal wear,,From TCGcollector: Obsidian Flames; 137/197; Reverse Holo; Common,0,3,2026-08-23,,,,
,Lapras [Reverse Holo] #45,Pokemon Obsidian Flames,34,Ungraded,Normal wear,,From TCGcollector: Obsidian Flames; 045/197; Reverse Holo; Uncommon,0,4,2026-08-23,,,,
,Lechonk [Reverse Holo] #182,Pokemon Obsidian Flames,27,Ungraded,Normal wear,,From TCGcollector: Obsidian Flames; 182/197; Reverse Holo; Common,0,2,2026-08-23,,,,
,Malamar [Reverse Holo] #138,Pokemon Obsidian Flames,23,Ungraded,Normal wear,,From TCGcollector: Obsidian Flames; 138/197; Reverse Holo; Uncommon,0,2,2026-08-23,,,,
,Mawile [Reverse Holo] #89,Pokemon Obsidian Flames,24,Ungraded,Normal wear,,From TCGcollector: Obsidian Flames; 089/197; Reverse Holo; Common,0,1,2026-08-23,,,,
,Paldean Clodsire [Reverse Holo] #129,Pokemon Obsidian Flames,37,Ungraded,Normal wear,,From TCGcollector: Obsidian Flames; 129/197; Reverse Holo; Uncommon,0,4,2026-08-23,,,,
,Pidgey [Reverse Holo] #162,Pokemon Obsidian Flames,28,Ungraded,Normal wear,,From TCGcollector: Obsidian Flames; 162/197; Reverse Holo; Common,0,4,2026-08-23,,,,
,Salazzle [Reverse Holo] #140,Pokemon Obsidian Flames,27,Ungraded,Normal wear,,From TCGcollector: Obsidian Flames; 140/197; Reverse Holo; Uncommon,0,2,2026-08-23,,,,
,Snubbull [Reverse Holo] #87,Pokemon Obsidian Flames,22,Ungraded,Normal wear,,From TCGcollector: Obsidian Flames; 087/197; Reverse Holo; Common,0,2,2026-08-23,,,,
,Stoutland [Reverse Holo] #172,Pokemon Obsidian Flames,28,Ungraded,Normal wear,,From TCGcollector: Obsidian Flames; 172/197; Reverse Holo; Uncommon,0,1,2026-08-23,,,,
,Tadbulb [Reverse Holo] #76,Pokemon Obsidian Flames,18,Ungraded,Normal wear,,From TCGcollector: Obsidian Flames; 076/197; Reverse Holo; Common,0,1,2026-08-23,,,,
,Varoom [Reverse Holo] #154,Pokemon Obsidian Flames,28,Ungraded,Normal wear,,From TCGcollector: Obsidian Flames; 154/197; Reverse Holo; Common,0,1,2026-08-23,,,,
,Wugtrio [Reverse Holo] #59,Pokemon Obsidian Flames,23,Ungraded,Normal wear,,From TCGcollector: Obsidian Flames; 059/197; Reverse Holo; Uncommon,0,1,2026-08-23,,,,
,Yungoos [Reverse Holo] #176,Pokemon Obsidian Flames,17,Ungraded,Normal wear,,From TCGcollector: Obsidian Flames; 176/197; Reverse Holo; Common,0,6,2026-08-23,,,,
,Aegislash [Holo] #210,Pokemon Paradox Rift,1204,Ungraded,Normal wear,,From TCGcollector: Paradox Rift; 210/182; Normal Holo; Illustration Rare,0,1,2026-08-23,,,,
,Aegislash ex [Holo] #135,Pokemon Paradox Rift,74,Ungraded,Normal wear,,From TCGcollector: Paradox Rift; 135/182; Normal Holo; Double Rare,0,1,2026-08-23,,,,
,Bombirdier ex [Holo] #156,Pokemon Paradox Rift,58,Ungraded,Normal wear,,From TCGcollector: Paradox Rift; 156/182; Normal Holo; Double Rare,0,1,2026-08-23,,,,
,Brute Bonnet [Holo] #123,Pokemon Paradox Rift,21,Ungraded,Normal wear,,From TCGcollector: Paradox Rift; 123/182; Normal Holo; Rare,0,1,2026-08-23,,,,
,Brute Bonnet [Holo] #207,Pokemon Paradox Rift,1870,Ungraded,Normal wear,,From TCGcollector: Paradox Rift; 207/182; Normal Holo; Illustration Rare,0,1,2026-08-23,,,,
,Counter Catcher [Holo] #264,Pokemon Paradox Rift,207,Ungraded,Normal wear,,From TCGcollector: Paradox Rift; 264/182; Normal Holo; Hyper Rare,0,1,2026-08-23,,,,
,Froslass ex [Holo] #3,Pokemon Paradox Rift,78,Ungraded,Normal wear,,From TCGcollector: Paradox Rift; 003/182; Normal Holo; Double Rare,0,1,2026-08-23,,,,
,Garchomp ex [Holo] #219,Pokemon Paradox Rift,806,Ungraded,Normal wear,,From TCGcollector: Paradox Rift; 219/182; Normal Holo; Ultra Rare,0,1,2026-08-23,,,,
,Gholdengo ex [Holo] #231,Pokemon Paradox Rift,362,Ungraded,Normal wear,,From TCGcollector: Paradox Rift; 231/182; Normal Holo; Ultra Rare,0,1,2026-08-23,,,,
,Hoopa ex [Holo] #98,Pokemon Paradox Rift,88,Ungraded,Normal wear,,From TCGcollector: Paradox Rift; 098/182; Normal Holo; Double Rare,0,1,2026-08-23,,,,
,Iron Hands ex [Holo] #223,Pokemon Paradox Rift,177,Ungraded,Normal wear,,From TCGcollector: Paradox Rift; 223/182; Normal Holo; Ultra Rare,0,1,2026-08-23,,,,
,Iron Valiant ex [Holo] #225,Pokemon Paradox Rift,274,Ungraded,Normal wear,,From TCGcollector: Paradox Rift; 225/182; Normal Holo; Ultra Rare,0,2,2026-08-23,,,,
,Tapu Koko ex [Holo] #247,Pokemon Paradox Rift,1811,Ungraded,Normal wear,,From TCGcollector: Paradox Rift; 247/182; Normal Holo; Special Illustration Rare,0,1,2026-08-23,,,,
,Professor's Research #122,Pokemon Prismatic Evolutions,20,Ungraded,Normal wear,,From TCGcollector: Prismatic Evolutions; 122/131; Normal; Common,0,1,2026-08-23,,,,
,Professor's Research [Reverse] #122,Pokemon Prismatic Evolutions,21,Ungraded,Normal wear,,From TCGcollector: Prismatic Evolutions; 122/131; Reverse Holo; Common,0,1,2026-08-23,,,,
,Professor's Research #123,Pokemon Prismatic Evolutions,10,Ungraded,Normal wear,,From TCGcollector: Prismatic Evolutions; 123/131; Normal; Common,0,1,2026-08-23,,,,
,Professor's Research #124,Pokemon Prismatic Evolutions,10,Ungraded,Normal wear,,From TCGcollector: Prismatic Evolutions; 124/131; Normal; Common,0,1,2026-08-23,,,,
,Professor's Research [Reverse] #124,Pokemon Prismatic Evolutions,20,Ungraded,Normal wear,,From TCGcollector: Prismatic Evolutions; 124/131; Reverse Holo; Common,0,2,2026-08-23,,,,
,Professor's Research #125,Pokemon Prismatic Evolutions,6,Ungraded,Normal wear,,From TCGcollector: Prismatic Evolutions; 125/131; Normal; Common,0,1,2026-08-23,,,,
,Professor's Research [Reverse] #125,Pokemon Prismatic Evolutions,15,Ungraded,Normal wear,,From TCGcollector: Prismatic Evolutions; 125/131; Reverse Holo; Common,0,1,2026-08-23,,,,
,Meowscarada ex #33,Pokemon Promo,112,Ungraded,Normal wear,,From TCGcollector: Scarlet & Violet Promos; 033; Holo; Promo,0,1,2026-08-23,,,,
,Pikachu V-UNION #SWSH139,Pokemon Promo,627,Ungraded,Normal wear,,From TCGcollector: Sword & Shield Promos; SWSH139; Holo; Promo,0,1,2026-08-23,,,,
,Pikachu V-UNION [Jumbo] #SWSH139,Pokemon Promo,1379,Ungraded,Normal wear,,From TCGcollector: Sword & Shield Promos; SWSH139; Jumbo Size; Promo,0,1,2026-08-23,,,,
,Pikachu V-UNION #SWSH140,Pokemon Promo,701,Ungraded,Normal wear,,From TCGcollector: Sword & Shield Promos; SWSH140; Holo; Promo,0,1,2026-08-23,,,,
,Pikachu V-UNION #SWSH141,Pokemon Promo,968,Ungraded,Normal wear,,From TCGcollector: Sword & Shield Promos; SWSH141; Holo; Promo,0,1,2026-08-23,,,,
,Pikachu V-UNION #SWSH142,Pokemon Promo,922,Ungraded,Normal wear,,From TCGcollector: Sword & Shield Promos; SWSH142; Holo; Promo,0,1,2026-08-23,,,,
,Applin [Reverse Holo] #20,Pokemon Rebel Clash,37,Ungraded,Normal wear,,From TCGcollector: Rebel Clash; 020/192; Reverse Holo; Common,0,1,2026-08-23,,,,
,Applin [Reverse Holo] #21,Pokemon Rebel Clash,37,Ungraded,Normal wear,,From TCGcollector: Rebel Clash; 021/192; Reverse Holo; Common,0,1,2026-08-23,,,,
,Arcanine [Reverse Holo] #28,Pokemon Rebel Clash,182,Ungraded,Normal wear,,From TCGcollector: Rebel Clash; 028/192; Reverse Holo; Rare,0,1,2026-08-23,,,,
,Barboach [Reverse Holo] #99,Pokemon Rebel Clash,26,Ungraded,Normal wear,,From TCGcollector: Rebel Clash; 099/192; Reverse Holo; Common,0,1,2026-08-23,,,,
,Bunnelby [Reverse Holo] #146,Pokemon Rebel Clash,59,Ungraded,Normal wear,,From TCGcollector: Rebel Clash; 146/192; Reverse Holo; Common,0,2,2026-08-23,,,,
,Capture Energy [Reverse Holo] #171,Pokemon Rebel Clash,159,Ungraded,Normal wear,,From TCGcollector: Rebel Clash; 171/192; Reverse Holo; Uncommon,0,1,2026-08-23,,,,
,Doublade [Reverse Holo] #134,Pokemon Rebel Clash,31,Ungraded,Normal wear,,From TCGcollector: Rebel Clash; 134/192; Reverse Holo; Uncommon,0,1,2026-08-23,,,,
,Dragapult [Holo] #91,Pokemon Rebel Clash,65,Ungraded,Normal wear,,From TCGcollector: Rebel Clash; 091/192; Normal Holo; Rare Holo,0,1,2026-08-23,,,,
,Electrode [Reverse Holo] #57,Pokemon Rebel Clash,12,Ungraded,Normal wear,,From TCGcollector: Rebel Clash; 057/192; Reverse Holo; Uncommon,0,2,2026-08-23,,,,
,Falinks [Reverse Holo] #109,Pokemon Rebel Clash,34,Ungraded,Normal wear,,From TCGcollector: Rebel Clash; 109/192; Reverse Holo; Uncommon,0,1,2026-08-23,,,,
,Flapple [Reverse Holo] #22,Pokemon Rebel Clash,83,Ungraded,Normal wear,,From TCGcollector: Rebel Clash; 022/192; Reverse Holo; Rare Holo,0,1,2026-08-23,,,,
,Galarian Yamask [Reverse Holo] #101,Pokemon Rebel Clash,27,Ungraded,Normal wear,,From TCGcollector: Rebel Clash; 101/192; Reverse Holo; Common,0,1,2026-08-23,,,,
,Grimmsnarl [Holo] #125,Pokemon Rebel Clash,28,Ungraded,Normal wear,,From TCGcollector: Rebel Clash; 125/192; Normal Holo; Rare Holo,0,1,2026-08-23,,,,
,Inteleon V [Holo] #49,Pokemon Rebel Clash,85,Ungraded,Normal wear,,From TCGcollector: Rebel Clash; 049/192; Normal Holo; Holo Rare V,0,1,2026-08-23,,,,
,Luxio [Reverse Holo] #61,Pokemon Rebel Clash,39,Ungraded,Normal wear,,From TCGcollector: Rebel Clash; 061/192; Reverse Holo; Uncommon,0,1,2026-08-23,,,,
,Medicham [Reverse Holo] #98,Pokemon Rebel Clash,27,Ungraded,Normal wear,,From TCGcollector: Rebel Clash; 098/192; Reverse Holo; Uncommon,0,1,2026-08-23,,,,
,Oleana [Reverse Holo] #163,Pokemon Rebel Clash,30,Ungraded,Normal wear,,From TCGcollector: Rebel Clash; 163/192; Reverse Holo; Uncommon,0,1,2026-08-23,,,,
,Shuckle [Reverse Holo] #5,Pokemon Rebel Clash,48,Ungraded,Normal wear,,From TCGcollector: Rebel Clash; 005/192; Reverse Holo; Uncommon,0,1,2026-08-23,,,,
,Charcadet [Reverse Holo] #39,Pokemon Scarlet & Violet,21,Ungraded,Normal wear,,From TCGcollector: Scarlet & Violet; 039/198; Reverse Holo; Common,0,1,2026-08-23,,,,
,Energy Switch [Reverse Holo] #173,Pokemon Scarlet & Violet,26,Ungraded,Normal wear,,From TCGcollector: Scarlet & Violet; 173/198; Reverse Holo; Common,0,1,2026-08-23,,,,
,Houndoom [Reverse Holo] #34,Pokemon Scarlet & Violet,21,Ungraded,Normal wear,,From TCGcollector: Scarlet & Violet; 034/198; Reverse Holo; Common,0,2,2026-08-23,,,,
,Professor's Research [Reverse Holo] #189,Pokemon Scarlet & Violet,29,Ungraded,Normal wear,,From TCGcollector: Scarlet & Violet; 189/198; Reverse Holo; Rare,0,2,2026-08-23,,,,
,Professor's Research [Holo] #190,Pokemon Scarlet & Violet,19,Ungraded,Normal wear,,From TCGcollector: Scarlet & Violet; 190/198; Normal Holo; Rare,0,1,2026-08-23,,,,
,Skwovet [Reverse Holo] #151,Pokemon Scarlet & Violet,21,Ungraded,Normal wear,,From TCGcollector: Scarlet & Violet; 151/198; Reverse Holo; Common,0,2,2026-08-23,,,,
,Tarountula [Reverse Holo] #16,Pokemon Scarlet & Violet,20,Ungraded,Normal wear,,From TCGcollector: Scarlet & Violet; 016/198; Reverse Holo; Common,0,1,2026-08-23,,,,
,Varoom [Reverse Holo] #140,Pokemon Scarlet & Violet,23,Ungraded,Normal wear,,From TCGcollector: Scarlet & Violet; 140/198; Reverse Holo; Common,0,2,2026-08-23,,,,
,Basic Psychic Energy [Holo] #207,Pokemon Scarlet & Violet 151,465,Ungraded,Normal wear,,From TCGcollector: Scarlet & Violet 151; 207/165; Normal Holo; Hyper Rare,0,1,2026-08-23,,,,
,Charizard ex [Holo] #199,Pokemon Scarlet & Violet 151,37642,Ungraded,Normal wear,,From TCGcollector: Scarlet & Violet 151; 199/165; Normal Holo; Special Illustration Rare,0,1,2026-08-23,,,,
,Amoonguss [Reverse Holo] #12,Pokemon Silver Tempest,31,Ungraded,Normal wear,,From TCGcollector: Silver Tempest; 012/195; Reverse Holo; Rare,0,1,2026-08-23,,,,
,Arcanine [Reverse Holo] #20,Pokemon Silver Tempest,68,Ungraded,Normal wear,,From TCGcollector: Silver Tempest; 020/195; Reverse Holo; Rare,0,2,2026-08-23,,,,
,Buneary [Reverse Holo] #144,Pokemon Silver Tempest,21,Ungraded,Normal wear,,From TCGcollector: Silver Tempest; 144/195; Reverse Holo; Common,0,2,2026-08-23,,,,
,Candice [Reverse Holo] #152,Pokemon Silver Tempest,27,Ungraded,Normal wear,,From TCGcollector: Silver Tempest; 152/195; Reverse Holo; Uncommon,0,1,2026-08-23,,,,
,Chimecho [Reverse Holo] #74,Pokemon Silver Tempest,23,Ungraded,Normal wear,,From TCGcollector: Silver Tempest; 074/195; Reverse Holo; Common,0,1,2026-08-23,,,,
,Cobalion [Reverse Holo] #126,Pokemon Silver Tempest,31,Ungraded,Normal wear,,From TCGcollector: Silver Tempest; 126/195; Reverse Holo; Rare,0,1,2026-08-23,,,,
,Corviknight VMAX [Holo] #TG19,Pokemon Silver Tempest,960,Ungraded,Normal wear,,From TCGcollector: Silver Tempest; TG19/TG30; Normal Holo; Holo Rare VMAX,0,1,2026-08-23,,,,
,Dewpider [Reverse Holo] #47,Pokemon Silver Tempest,21,Ungraded,Normal wear,,From TCGcollector: Silver Tempest; 047/195; Reverse Holo; Common,0,1,2026-08-23,,,,
,Donphan [Reverse Holo] #92,Pokemon Silver Tempest,20,Ungraded,Normal wear,,From TCGcollector: Silver Tempest; 092/195; Reverse Holo; Uncommon,0,2,2026-08-23,,,,
,Dragapult [Holo] #89,Pokemon Silver Tempest,24,Ungraded,Normal wear,,From TCGcollector: Silver Tempest; 089/195; Normal Holo; Rare Holo,0,2,2026-08-23,,,,
,Dragonite [Holo] #131,Pokemon Silver Tempest,152,Ungraded,Normal wear,,From TCGcollector: Silver Tempest; 131/195; Normal Holo; Rare Holo,0,1,2026-08-23,,,,
,Drakloak [Reverse Holo] #88,Pokemon Silver Tempest,23,Ungraded,Normal wear,,From TCGcollector: Silver Tempest; 088/195; Reverse Holo; Uncommon,0,1,2026-08-23,,,,
,Ferroseed [Reverse Holo] #121,Pokemon Silver Tempest,17,Ungraded,Normal wear,,From TCGcollector: Silver Tempest; 121/195; Reverse Holo; Common,0,1,2026-08-23,,,,
,Fletchling [Reverse Holo] #150,Pokemon Silver Tempest,16,Ungraded,Normal wear,,From TCGcollector: Silver Tempest; 150/195; Reverse Holo; Common,0,2,2026-08-23,,,,
,Gordie [Holo] #TG24,Pokemon Silver Tempest,195,Ungraded,Normal wear,,From TCGcollector: Silver Tempest; TG24/TG30; Normal Holo; Rare Ultra,0,1,2026-08-23,,,,
,Hisuian Braviary [Reverse Holo] #149,Pokemon Silver Tempest,30,Ungraded,Normal wear,,From TCGcollector: Silver Tempest; 149/195; Reverse Holo; Rare,0,1,2026-08-23,,,,
,Hisuian Lilligant [Reverse Holo] #10,Pokemon Silver Tempest,30,Ungraded,Normal wear,,From TCGcollector: Silver Tempest; 010/195; Reverse Holo; Rare,0,1,2026-08-23,,,,
,Keldeo [Reverse Holo] #46,Pokemon Silver Tempest,31,Ungraded,Normal wear,,From TCGcollector: Silver Tempest; 046/195; Reverse Holo; Rare,0,1,2026-08-23,,,,
,Klang [Reverse Holo] #124,Pokemon Silver Tempest,12,Ungraded,Normal wear,,From TCGcollector: Silver Tempest; 124/195; Reverse Holo; Uncommon,0,1,2026-08-23,,,,
,Klink [Reverse Holo] #123,Pokemon Silver Tempest,18,Ungraded,Normal wear,,From TCGcollector: Silver Tempest; 123/195; Reverse Holo; Common,0,1,2026-08-23,,,,
,Lance [Holo] #206,Pokemon Silver Tempest,530,Ungraded,Normal wear,,From TCGcollector: Silver Tempest; 206/195; Normal Holo; Rare Rainbow,0,1,2026-08-23,,,,
,Lopunny [Reverse Holo] #145,Pokemon Silver Tempest,19,Ungraded,Normal wear,,From TCGcollector: Silver Tempest; 145/195; Reverse Holo; Uncommon,0,1,2026-08-23,,,,
,Lugia VSTAR [Holo] #202,Pokemon Silver Tempest,4188,Ungraded,Normal wear,,From TCGcollector: Silver Tempest; 202/195; Normal Holo; Rare Rainbow,0,1,2026-08-23,,,,
,Milotic [Holo] #TG02,Pokemon Silver Tempest,885,Ungraded,Normal wear,,From TCGcollector: Silver Tempest; TG02/TG30; Normal Holo; Rare Holo,0,2,2026-08-23,,,,
,Noivern [Reverse Holo] #133,Pokemon Silver Tempest,33,Ungraded,Normal wear,,From TCGcollector: Silver Tempest; 133/195; Reverse Holo; Rare,0,1,2026-08-23,,,,
,Passimian [Holo] #TG08,Pokemon Silver Tempest,145,Ungraded,Normal wear,,From TCGcollector: Silver Tempest; TG08/TG30; Normal Holo; Rare Holo,0,3,2026-08-23,,,,
,Primordial Altar [Reverse Holo] #161,Pokemon Silver Tempest,19,Ungraded,Normal wear,,From TCGcollector: Silver Tempest; 161/195; Reverse Holo; Uncommon,0,1,2026-08-23,,,,
,Professor Laventon [Reverse Holo] #162,Pokemon Silver Tempest,15,Ungraded,Normal wear,,From TCGcollector: Silver Tempest; 162/195; Reverse Holo; Uncommon,0,1,2026-08-23,,,,
,Quad Stone [Reverse Holo] #163,Pokemon Silver Tempest,24,Ungraded,Normal wear,,From TCGcollector: Silver Tempest; 163/195; Reverse Holo; Uncommon,0,1,2026-08-23,,,,
,Radiant Alakazam [Holo] #59,Pokemon Silver Tempest,222,Ungraded,Normal wear,,From TCGcollector: Silver Tempest; 059/195; Normal Holo; Radiant Rare,0,1,2026-08-23,,,,
,Raihan [Holo] #TG27,Pokemon Silver Tempest,349,Ungraded,Normal wear,,From TCGcollector: Silver Tempest; TG27/TG30; Normal Holo; Rare Ultra,0,1,2026-08-23,,,,
,Regidrago V [Holo] #135,Pokemon Silver Tempest,76,Ungraded,Normal wear,,From TCGcollector: Silver Tempest; 135/195; Normal Holo; Holo Rare V,0,2,2026-08-23,,,,
,Reshiram V [Holo] #24,Pokemon Silver Tempest,121,Ungraded,Normal wear,,From TCGcollector: Silver Tempest; 024/195; Normal Holo; Holo Rare V,0,1,2026-08-23,,,,
,Serperior V [Holo] #170,Pokemon Silver Tempest,225,Ungraded,Normal wear,,From TCGcollector: Silver Tempest; 170/195; Normal Holo; Rare Ultra,0,1,2026-08-23,,,,
,Smeargle [Reverse Holo] #137,Pokemon Silver Tempest,23,Ungraded,Normal wear,,From TCGcollector: Silver Tempest; 137/195; Reverse Holo; Common,0,1,2026-08-23,,,,
,Smeargle [Holo] #TG10,Pokemon Silver Tempest,496,Ungraded,Normal wear,,From TCGcollector: Silver Tempest; TG10/TG30; Normal Holo; Rare Holo,0,1,2026-08-23,,,,
,Stunfisk [Reverse Holo] #55,Pokemon Silver Tempest,28,Ungraded,Normal wear,,From TCGcollector: Silver Tempest; 055/195; Reverse Holo; Common,0,2,2026-08-23,,,,
,Swirlix [Reverse Holo] #83,Pokemon Silver Tempest,48,Ungraded,Normal wear,,From TCGcollector: Silver Tempest; 083/195; Reverse Holo; Common,0,1,2026-08-23,,,,
,Toxicroak [Reverse Holo] #110,Pokemon Silver Tempest,32,Ungraded,Normal wear,,From TCGcollector: Silver Tempest; 110/195; Reverse Holo; Uncommon,0,1,2026-08-23,,,,
,Unidentified Fossil [Reverse Holo] #165,Pokemon Silver Tempest,27,Ungraded,Normal wear,,From TCGcollector: Silver Tempest; 165/195; Reverse Holo; Uncommon,0,1,2026-08-23,,,,
,Unown V [Holo] #176,Pokemon Silver Tempest,373,Ungraded,Normal wear,,From TCGcollector: Silver Tempest; 176/195; Normal Holo; Rare Ultra,0,1,2026-08-23,,,,
,Unown V [Holo] #177,Pokemon Silver Tempest,3027,Ungraded,Normal wear,,From TCGcollector: Silver Tempest; 177/195; Normal Holo; Rare Ultra,0,1,2026-08-23,,,,
,Unown V [Holo] #65,Pokemon Silver Tempest,107,Ungraded,Normal wear,,From TCGcollector: Silver Tempest; 065/195; Normal Holo; Holo Rare V,0,2,2026-08-23,,,,
,Wailmer [Reverse Holo] #37,Pokemon Silver Tempest,27,Ungraded,Normal wear,,From TCGcollector: Silver Tempest; 037/195; Reverse Holo; Common,0,1,2026-08-23,,,,
,Worker [Reverse Holo] #167,Pokemon Silver Tempest,21,Ungraded,Normal wear,,From TCGcollector: Silver Tempest; 167/195; Reverse Holo; Uncommon,0,1,2026-08-23,,,,
,Zubat [Reverse Holo] #103,Pokemon Silver Tempest,26,Ungraded,Normal wear,,From TCGcollector: Silver Tempest; 103/195; Reverse Holo; Common,0,1,2026-08-23,,,,
,Chandelure [Holo] #26,Pokemon Trick or Trade 2023,29,Ungraded,Normal wear,,From TCGcollector: Lost Origin; 026/196; Trick or Trade 2023; Rare Holo,0,1,2026-08-23,,,,
,Banette #68,Pokemon Vivid Voltage,30,Ungraded,Normal wear,,From TCGcollector: Vivid Voltage; 068/185; Normal; Rare,0,1,2026-08-23,,,,
,Beldum #116,Pokemon Vivid Voltage,4,Ungraded,Normal wear,,From TCGcollector: Vivid Voltage; 116/185; Normal; Common,0,1,2026-08-23,,,,
,Blitzle #53,Pokemon Vivid Voltage,6,Ungraded,Normal wear,,From TCGcollector: Vivid Voltage; 053/185; Normal; Common,0,1,2026-08-23,,,,
,Charmander [Reverse Holo] #23,Pokemon Vivid Voltage,52,Ungraded,Normal wear,,From TCGcollector: Vivid Voltage; 023/185; Reverse Holo; Common,0,1,2026-08-23,,,,
,Charmeleon #24,Pokemon Vivid Voltage,17,Ungraded,Normal wear,,From TCGcollector: Vivid Voltage; 024/185; Normal; Uncommon,0,1,2026-08-23,,,,
,Chewtle #38,Pokemon Vivid Voltage,11,Ungraded,Normal wear,,From TCGcollector: Vivid Voltage; 038/185; Normal; Common,0,1,2026-08-23,,,,
,Chimecho #72,Pokemon Vivid Voltage,32,Ungraded,Normal wear,,From TCGcollector: Vivid Voltage; 072/185; Normal; Common,0,1,2026-08-23,,,,
,Chimecho [Reverse Holo] #72,Pokemon Vivid Voltage,49,Ungraded,Normal wear,,From TCGcollector: Vivid Voltage; 072/185; Reverse Holo; Common,0,1,2026-08-23,,,,
,Clefairy #63,Pokemon Vivid Voltage,21,Ungraded,Normal wear,,From TCGcollector: Vivid Voltage; 063/185; Normal; Common,0,1,2026-08-23,,,,
,Cramorant #40,Pokemon Vivid Voltage,13,Ungraded,Normal wear,,From TCGcollector: Vivid Voltage; 040/185; Normal; Uncommon,0,1,2026-08-23,,,,
,Dedenne #77,Pokemon Vivid Voltage,32,Ungraded,Normal wear,,From TCGcollector: Vivid Voltage; 077/185; Normal; Common,0,1,2026-08-23,,,,
,Drednaw [Reverse Holo] #39,Pokemon Vivid Voltage,29,Ungraded,Normal wear,,From TCGcollector: Vivid Voltage; 039/185; Reverse Holo; Rare,0,1,2026-08-23,,,,
,Drilbur #91,Pokemon Vivid Voltage,24,Ungraded,Normal wear,,From TCGcollector: Vivid Voltage; 091/185; Normal; Common,0,1,2026-08-23,,,,
,Duraludon [Reverse Holo] #129,Pokemon Vivid Voltage,28,Ungraded,Normal wear,,From TCGcollector: Vivid Voltage; 129/185; Reverse Holo; Rare Holo,0,1,2026-08-23,,,,
,Excadrill #122,Pokemon Vivid Voltage,2,Ungraded,Normal wear,,From TCGcollector: Vivid Voltage; 122/185; Normal; Uncommon,0,1,2026-08-23,,,,
,Exeggcute #4,Pokemon Vivid Voltage,4,Ungraded,Normal wear,,From TCGcollector: Vivid Voltage; 004/185; Normal; Common,0,1,2026-08-23,,,,
,Exeggutor #5,Pokemon Vivid Voltage,23,Ungraded,Normal wear,,From TCGcollector: Vivid Voltage; 005/185; Normal; Rare,0,1,2026-08-23,,,,
,Ferroseed #123,Pokemon Vivid Voltage,6,Ungraded,Normal wear,,From TCGcollector: Vivid Voltage; 123/185; Normal; Common,0,1,2026-08-23,,,,
,Ferrothorn #124,Pokemon Vivid Voltage,3,Ungraded,Normal wear,,From TCGcollector: Vivid Voltage; 124/185; Normal; Uncommon,0,1,2026-08-23,,,,
,Galarian Meowth #112,Pokemon Vivid Voltage,10,Ungraded,Normal wear,,From TCGcollector: Vivid Voltage; 112/185; Normal; Common,0,1,2026-08-23,,,,
,Galvantula #56,Pokemon Vivid Voltage,14,Ungraded,Normal wear,,From TCGcollector: Vivid Voltage; 056/185; Normal; Uncommon,0,1,2026-08-23,,,,
,Garbodor #111,Pokemon Vivid Voltage,23,Ungraded,Normal wear,,From TCGcollector: Vivid Voltage; 111/185; Normal; Rare,0,1,2026-08-23,,,,
,Girafarig #65,Pokemon Vivid Voltage,10,Ungraded,Normal wear,,From TCGcollector: Vivid Voltage; 065/185; Normal; Uncommon,0,1,2026-08-23,,,,
,Gogoat #18,Pokemon Vivid Voltage,14,Ungraded,Normal wear,,From TCGcollector: Vivid Voltage; 018/185; Normal; Uncommon,0,1,2026-08-23,,,,
,Joltik #55,Pokemon Vivid Voltage,14,Ungraded,Normal wear,,From TCGcollector: Vivid Voltage; 055/185; Normal; Common,0,1,2026-08-23,,,,
,Kakuna #2,Pokemon Vivid Voltage,6,Ungraded,Normal wear,,From TCGcollector: Vivid Voltage; 002/185; Normal; Uncommon,0,1,2026-08-23,,,,
,Krokorok #108,Pokemon Vivid Voltage,16,Ungraded,Normal wear,,From TCGcollector: Vivid Voltage; 108/185; Normal; Uncommon,0,1,2026-08-23,,,,
,Loudred [Reverse Holo] #136,Pokemon Vivid Voltage,26,Ungraded,Normal wear,,From TCGcollector: Vivid Voltage; 136/185; Reverse Holo; Uncommon,0,1,2026-08-23,,,,
,Magcargo #28,Pokemon Vivid Voltage,2,Ungraded,Normal wear,,From TCGcollector: Vivid Voltage; 028/185; Normal; Uncommon,0,1,2026-08-23,,,,
,Memory Capsule [Reverse Holo] #155,Pokemon Vivid Voltage,29,Ungraded,Normal wear,,From TCGcollector: Vivid Voltage; 155/185; Reverse Holo; Uncommon,0,2,2026-08-23,,,,
,Metang #117,Pokemon Vivid Voltage,5,Ungraded,Normal wear,,From TCGcollector: Vivid Voltage; 117/185; Normal; Uncommon,0,1,2026-08-23,,,,
,Milcery #80,Pokemon Vivid Voltage,3,Ungraded,Normal wear,,From TCGcollector: Vivid Voltage; 080/185; Normal; Common,0,1,2026-08-23,,,,
,Mudbray #96,Pokemon Vivid Voltage,7,Ungraded,Normal wear,,From TCGcollector: Vivid Voltage; 096/185; Normal; Common,0,1,2026-08-23,,,,
,Mudsdale #97,Pokemon Vivid Voltage,19,Ungraded,Normal wear,,From TCGcollector: Vivid Voltage; 097/185; Normal; Rare,0,1,2026-08-23,,,,
,Ninjask #14,Pokemon Vivid Voltage,37,Ungraded,Normal wear,,From TCGcollector: Vivid Voltage; 014/185; Normal; Rare,0,1,2026-08-23,,,,
,Nuzleaf #11,Pokemon Vivid Voltage,7,Ungraded,Normal wear,,From TCGcollector: Vivid Voltage; 011/185; Normal; Uncommon,0,1,2026-08-23,,,,
,Oshawott #33,Pokemon Vivid Voltage,22,Ungraded,Normal wear,,From TCGcollector: Vivid Voltage; 033/185; Normal; Common,0,1,2026-08-23,,,,
,Pikipek #143,Pokemon Vivid Voltage,7,Ungraded,Normal wear,,From TCGcollector: Vivid Voltage; 143/185; Normal; Common,0,1,2026-08-23,,,,
,Pikipek [Reverse Holo] #143,Pokemon Vivid Voltage,5,Ungraded,Normal wear,,From TCGcollector: Vivid Voltage; 143/185; Reverse Holo; Common,0,1,2026-08-23,,,,
,Pincurchin #62,Pokemon Vivid Voltage,8,Ungraded,Normal wear,,From TCGcollector: Vivid Voltage; 062/185; Normal; Uncommon,0,1,2026-08-23,,,,
,Pineco #8,Pokemon Vivid Voltage,19,Ungraded,Normal wear,,From TCGcollector: Vivid Voltage; 008/185; Normal; Common,0,1,2026-08-23,,,,
,Poochyena #103,Pokemon Vivid Voltage,16,Ungraded,Normal wear,,From TCGcollector: Vivid Voltage; 103/185; Normal; Common,0,1,2026-08-23,,,,
,Rockruff #94,Pokemon Vivid Voltage,13,Ungraded,Normal wear,,From TCGcollector: Vivid Voltage; 094/185; Normal; Common,0,1,2026-08-23,,,,
,Samurott #35,Pokemon Vivid Voltage,30,Ungraded,Normal wear,,From TCGcollector: Vivid Voltage; 035/185; Normal; Rare,0,1,2026-08-23,,,,
,Sandile #107,Pokemon Vivid Voltage,7,Ungraded,Normal wear,,From TCGcollector: Vivid Voltage; 107/185; Normal; Common,0,1,2026-08-23,,,,
,Sandile [Reverse Holo] #107,Pokemon Vivid Voltage,28,Ungraded,Normal wear,,From TCGcollector: Vivid Voltage; 107/185; Reverse Holo; Common,0,1,2026-08-23,,,,
,Seedot #10,Pokemon Vivid Voltage,4,Ungraded,Normal wear,,From TCGcollector: Vivid Voltage; 010/185; Normal; Common,0,1,2026-08-23,,,,
,Seedot [Reverse Holo] #10,Pokemon Vivid Voltage,26,Ungraded,Normal wear,,From TCGcollector: Vivid Voltage; 010/185; Reverse Holo; Common,0,1,2026-08-23,,,,
,Shuckle #85,Pokemon Vivid Voltage,10,Ungraded,Normal wear,,From TCGcollector: Vivid Voltage; 085/185; Normal; Uncommon,0,1,2026-08-23,,,,
,Shuppet #67,Pokemon Vivid Voltage,5,Ungraded,Normal wear,,From TCGcollector: Vivid Voltage; 067/185; Normal; Common,0,1,2026-08-23,,,,
,Shuppet [Reverse Holo] #67,Pokemon Vivid Voltage,28,Ungraded,Normal wear,,From TCGcollector: Vivid Voltage; 067/185; Reverse Holo; Common,0,1,2026-08-23,,,,
,Skiddo #17,Pokemon Vivid Voltage,8,Ungraded,Normal wear,,From TCGcollector: Vivid Voltage; 017/185; Normal; Common,0,1,2026-08-23,,,,
,Slugma #27,Pokemon Vivid Voltage,4,Ungraded,Normal wear,,From TCGcollector: Vivid Voltage; 027/185; Normal; Common,0,1,2026-08-23,,,,
,Stone Fighting Energy [Reverse Holo] #164,Pokemon Vivid Voltage,29,Ungraded,Normal wear,,From TCGcollector: Vivid Voltage; 164/185; Reverse Holo; Uncommon,0,1,2026-08-23,,,,
,Swellow #134,Pokemon Vivid Voltage,6,Ungraded,Normal wear,,From TCGcollector: Vivid Voltage; 134/185; Normal; Uncommon,0,1,2026-08-23,,,,
,Swoobat #74,Pokemon Vivid Voltage,3,Ungraded,Normal wear,,From TCGcollector: Vivid Voltage; 074/185; Normal; Uncommon,0,1,2026-08-23,,,,
,Taillow #133,Pokemon Vivid Voltage,23,Ungraded,Normal wear,,From TCGcollector: Vivid Voltage; 133/185; Normal; Common,0,1,2026-08-23,,,,
,Tynamo #57,Pokemon Vivid Voltage,12,Ungraded,Normal wear,,From TCGcollector: Vivid Voltage; 057/185; Normal; Common,0,1,2026-08-23,,,,
,Wailord [Reverse Holo] #32,Pokemon Vivid Voltage,63,Ungraded,Normal wear,,From TCGcollector: Vivid Voltage; 032/185; Reverse Holo; Rare Holo,0,1,2026-08-23,,,,
,Weedle #1,Pokemon Vivid Voltage,8,Ungraded,Normal wear,,From TCGcollector: Vivid Voltage; 001/185; Normal; Common,0,1,2026-08-23,,,,
,Whismur #135,Pokemon Vivid Voltage,6,Ungraded,Normal wear,,From TCGcollector: Vivid Voltage; 135/185; Normal; Common,0,1,2026-08-23,,,,
,Woobat #73,Pokemon Vivid Voltage,4,Ungraded,Normal wear,,From TCGcollector: Vivid Voltage; 073/185; Normal; Common,0,1,2026-08-23,,,,
,Wooper #83,Pokemon Vivid Voltage,25,Ungraded,Normal wear,,From TCGcollector: Vivid Voltage; 083/185; Normal; Common,0,1,2026-08-23,,,,
,Wooper [Reverse Holo] #83,Pokemon Vivid Voltage,50,Ungraded,Normal wear,,From TCGcollector: Vivid Voltage; 083/185; Reverse Holo; Common,0,1,2026-08-23,,,,
,Yanma #6,Pokemon Vivid Voltage,4,Ungraded,Normal wear,,From TCGcollector: Vivid Voltage; 006/185; Normal; Common,0,1,2026-08-23,,,,
,Sylveon-GX [Holo] #92A,Pokemon Yellow A Alternate,2446,Ungraded,Normal wear,,From TCGcollector: Yellow A Alternate; 92a/145; Holo; Rare Holo GX,0,1,2026-08-23,,,,
